id,created_at,author_id,text,clean_text
1988494997981712434,2025-11-12 06:32:06+00:00,1517183072768184325,"@everylittlejing @GNFI yg salah tuh fungsi kereta cepat, ngapain maksa bikin kereta cepat kalo mau bangun ikn, ujung² nya dana apbn juga yg tanggung #AdiliJokowi","yg salah tuh fungsi kereta cepat, ngapain maksa bikin kereta cepat kalo bangun ikn, ujung² nya dana apbn yg tanggung"
1988493948734623837,2025-11-12 06:27:56+00:00,1940689358018977792,"lagi lagi tambang ilegal… 😰😫

#tambangilegal #ikn #bahlillahadalia  #DPRRIFraksiPDIPerjuangan https://t.co/5IKLq20D15",tambang ilegal
1988493789682672038,2025-11-12 06:27:18+00:00,1750590016567250944,"Ketua Komisi II DPR RI, Muhammad Rifqinizamy Karsayuda, menegaskan komitmen Parlemen untuk mengawal target IKN Nusantara sebagai ibu kota politik Indonesia pada tahun 2028. https://t.co/dY5Gh6MP2S","ketua komisi ii dpr ri, muhammad rifqinizamy karsayuda, komitmen parlemen mengawal target ikn nusantara kota politik indonesia 2028."
1988493786687959249,2025-11-12 06:27:17+00:00,89162794,"@narkosun ngebahas masa lalu ??
sekarang dugaan korupsi woosh dan IKN - tragedi KM50 - tragedi kanjuruhan - blom lagi KPPS 500an -
-ESEMKA -beberapa bandara yg terbengkalai -
pembabatan hutan - Nikel - Konstitusi di rubah utk kluarga  - yg sekrang masih bisa di Hukum (mumpung masih hidup)",ngebahas ?? dugaan korupsi woosh ikn tragedi km50 tragedi kanjuruhan blom kpps 500an esemka bandara yg terbengkalai pembabatan hutan nikel konstitusi rubah utk kluarga yg sekrang hukum mumpung hidup
1988493403160453462,2025-11-12 06:25:46+00:00,1298254109456207874,"penjara dan denda Rp100 miliar. Polri menegaskan, penambangan ilegal di kawasan IKN tidak akan dibiarkan, sumber daya alam adalah aset negara yang harus dijaga. Terus Berkomitmen Tuntas Berantas Kriminal #SigapTuntaskanKasus Kejahatan","penjara denda rp100 miliar. polri menegaskan, penambangan ilegal kawasan ikn dibiarkan, sumber daya alam aset negara dijaga. berkomitmen tuntas berantas kriminal kejahatan"
1988492280454672540,2025-11-12 06:21:18+00:00,949683168965111809,"Tersangka dijerat UU Minerba dengan ancaman lima tahun penjara dan denda Rp100 miliar. Polri menegaskan, penambangan ilegal di kawasan IKN tidak akan dibiarkan, sumber daya alam adalah aset negara yang harus dijaga.","tersangka dijerat uu minerba ancaman penjara denda rp100 miliar. polri menegaskan, penambangan ilegal kawasan ikn dibiarkan, sumber daya alam aset negara dijaga."
1988492179942371810,2025-11-12 06:20:54+00:00,1697511897757859840,"Waah ada perwira JD bekingan kah???
Ngapain ke sana??? Dari pengakuannya justru menunjuk diri sendiri...dg seragam militer mau memperlihatkan ke seram an nya??.
Kembalikan tentara ke barak...
Usut tuntas aparat yg jd bekingan...

https://t.co/HghFKv7c9O",waah perwira jd bekingan kah??? ngapain sana??? pengakuannya sendiri...dg seragam militer seram an nya??. kembalikan tentara barak... usut tuntas aparat yg jd bekingan...
1988492139177931000,2025-11-12 06:20:45+00:00,1820008493270929408,"ancaman lima tahun penjara dan denda Rp100 miliar. Polri menegaskan, penambangan ilegal di kawasan IKN tidak akan dibiarkan, sumber daya alam adalah aset negara yang harus dijaga. Terus Berkomitmen Tuntas Berantas Kriminal #SigapTuntaskanKasus Kejahatan","ancaman penjara denda rp100 miliar. polri menegaskan, penambangan ilegal kawasan ikn dibiarkan, sumber daya alam aset negara dijaga. berkomitmen tuntas berantas kriminal kejahatan"
1988491959909183924,2025-11-12 06:20:02+00:00,1004854178588422144,"Otorita IKN Resmikan Enam Kontrak Baru, Basuki Hadimuljono Dorong Pembukaan Lapangan Kerja Baru - https://t.co/zGhdvHt2W8
#depok #beritadepok https://t.co/QI6hxf0XXX","otorita ikn resmikan enam kontrak baru, basuki hadimuljono dorong pembukaan lapangan kerja"
1988490274289394021,2025-11-12 06:13:20+00:00,1171996325254025216,"Rp100 miliar. Polri menegaskan, penambangan ilegal di kawasan IKN tidak akan dibiarkan, sumber daya alam adalah aset negara yang harus dijaga. Terus Berkomitmen Tuntas Berantas Kriminal #SigapTuntaskanKasus Kejahatan","rp100 miliar. polri menegaskan, penambangan ilegal kawasan ikn dibiarkan, sumber daya alam aset negara dijaga. berkomitmen tuntas berantas kriminal kejahatan"
1988490258737230172,2025-11-12 06:13:16+00:00,1919301446316802048,Komisi II DPR targetkan IKN jadi Ibu Kota Politik pada 2028! 🇮🇩 https://t.co/Bov6ZolT8u,komisi ii dpr targetkan ikn kota politik 2028!
1988490186221908137,2025-11-12 06:12:59+00:00,2459375773,"Polri menegaskan, penambangan ilegal di kawasan IKN tidak akan dibiarkan, sumber daya alam adalah aset negara yang harus dijaga. Terus Berkomitmen Tuntas Berantas Kriminal #SigapTuntaskanKasus Kejahatan
https://t.co/vq1G2zH0bE","polri menegaskan, penambangan ilegal kawasan ikn dibiarkan, sumber daya alam aset negara dijaga. berkomitmen tuntas berantas kriminal kejahatan"
1988489879970533392,2025-11-12 06:11:46+00:00,1767713020061556736,"@aofuri_ @O5Bravo https://t.co/n6dV4zEYRK

Misi, orang Jawa yg ini, saking gak maunya ada pembangunan IKN di Kalimantan, sampe ngatain Kalimantan tempat jin buang anak 😋","misi, orang jawa yg ini, saking gak maunya pembangunan ikn kalimantan, sampe ngatain kalimantan jin buang anak"
1988489840586015229,2025-11-12 06:11:37+00:00,1493760943959859201,"Polri menegaskan, penambangan ilegal di kawasan IKN tidak akan dibiarkan, sumber daya alam adalah aset negara yang harus dijaga. Terus Berkomitmen Tuntas Berantas Kriminal #SigapTuntaskanKasus Kejahatan","polri menegaskan, penambangan ilegal kawasan ikn dibiarkan, sumber daya alam aset negara dijaga. berkomitmen tuntas berantas kriminal kejahatan"
1988489798236205262,2025-11-12 06:11:26+00:00,1247014712102907910,"dan denda Rp100 miliar. Polri menegaskan, penambangan ilegal di kawasan IKN tidak akan dibiarkan, sumber daya alam adalah aset negara yang harus dijaga. Terus Berkomitmen Tuntas Berantas Kriminal #SigapTuntaskanKasus Kejahatan","denda rp100 miliar. polri menegaskan, penambangan ilegal kawasan ikn dibiarkan, sumber daya alam aset negara dijaga. berkomitmen tuntas berantas kriminal kejahatan"
1988489782733975833,2025-11-12 06:11:23+00:00,1308348137258409985,"Polri menegaskan, penambangan ilegal di kawasan IKN tidak akan dibiarkan, sumber daya alam adalah aset negara yang harus dijaga. Terus Berkomitmen Tuntas Berantas Kriminal #SigapTuntaskanKasus Kejahatan","polri menegaskan, penambangan ilegal kawasan ikn dibiarkan, sumber daya alam aset negara dijaga. berkomitmen tuntas berantas kriminal kejahatan"
1988488057549713555,2025-11-12 06:04:31+00:00,1810223652115484672,@tempodotco Yang ilegal itu sebenarnya IKN. Tambang gelap di sekitar PPU dan sebagian kawasan HTI sudah terjadi jauh sebelum IKN berdiri. Hanya cara kerjanya rapi dan jarang terekspose.,ilegal ikn. tambang gelap ppu kawasan hti ikn berdiri. kerjanya rapi jarang terekspose.
1988487990461821319,2025-11-12 06:04:15+00:00,977081337587757056,"Nusantara - Sebagai agenda lanjutan, Kepala Otorita IKN, Basuki Hadimuljono mengajak Wakil Menteri ATR/Wakil Kepala BPN, Ossy Dermawan beserta kementerian dan lembaga terkait dan jajaran Sekretariat Komisi II DPR RI...

https://t.co/8MhoifN2iM","nusantara agenda lanjutan, kepala otorita ikn, basuki hadimuljono mengajak wakil menteri atr wakil kepala bpn, ossy dermawan beserta kementerian lembaga terkait jajaran sekretariat komisi ii dpr ri..."
1988487616678031744,2025-11-12 06:02:46+00:00,899597703058817024,"@Dennysiregar7 Iya Bang.   Politik gonjang ganjing, penguasa suka2 berkuasa.  Semua cuma Omon Omon.

Rakyat miskin tetap miskin, yg nganggur tetap nganggur.  Solusinya MBG, bukan lapangan kerja utk orang tuanya.  

IKN dan Whoosh yg diharapkan manfaat buat warga sekitar; Utangnya membengkak.","iya bang. politik gonjang ganjing, penguasa suka2 berkuasa. omon omon. rakyat miskin miskin, yg nganggur nganggur. solusinya mbg, lapangan kerja utk orang tuanya. ikn whoosh yg diharapkan manfaat warga utangnya membengkak."
1988487534721331527,2025-11-12 06:02:27+00:00,1295030879513796611,"Dittipidter Bareskrim Polri dan Polda Kaltim tutup tambang ilegal di Tahura Bukit Soeharto.
Disita 214 kontainer, 6.000 ton batu bara, dan dokumen milik tersangka MH.
Polri tegaskan tambang ilegal di kawasan IKN tak akan dibiarkan.
#SigapTuntaskanKejahatan https://t.co/1Hjq9MBMV0","dittipidter bareskrim polri polda kaltim tutup tambang ilegal tahura bukit soeharto. disita 214 kontainer, 6.000 ton batu bara, dokumen milik tersangka mh. polri tegaskan tambang ilegal kawasan ikn dibiarkan."
1988487482053456323,2025-11-12 06:02:14+00:00,1155119184784711683,"Polri menegaskan, penambangan ilegal di kawasan IKN tidak akan dibiarkan, sumber daya alam adalah aset negara yang harus dijaga.","polri menegaskan, penambangan ilegal kawasan ikn dibiarkan, sumber daya alam aset negara dijaga."
1988486719751221426,2025-11-12 05:59:12+00:00,1236927039585652737,"denda Rp100 miliar. Polri menegaskan, penambangan ilegal di kawasan IKN tidak akan dibiarkan, sumber daya alam adalah aset negara yang harus dijaga. Terus Berkomitmen Tuntas Berantas Kriminal #SigapTuntaskanKasus Kejahatan https://t.co/Q8uLosHflJ","denda rp100 miliar. polri menegaskan, penambangan ilegal kawasan ikn dibiarkan, sumber daya alam aset negara dijaga. berkomitmen tuntas berantas kriminal kejahatan"
1988484631839310001,2025-11-12 05:50:55+00:00,1846749067864625153,@ardisatriawan Kondisi jalan di kec Seko Kab Luwu Utara Propinsi SULSEL ancur2an gak ada perhatian dari pemerintah pusat dulu pernah dianggarkan tapi dicoret dialihkan ke IKN. Cc: @DPR_RI @AgusYudhoyono @KemenPU https://t.co/3NV3EKju8M,kondisi jalan kec seko kab luwu utara propinsi sulsel ancur2an gak perhatian pemerintah pusat dianggarkan dicoret dialihkan ikn. cc
1988484593847349510,2025-11-12 05:50:46+00:00,3187717338,"@silkenhours ㅤ

Request bentuk garuda IKN ya

ㅤ",ㅤ request bentuk garuda ikn ya ㅤ
1988482640047980566,2025-11-12 05:43:00+00:00,135795460,Kementerian ESDM mengungkap ada temuan aktivitas pembukaan tambang ilegal yang baru di sekitar kawasan Ibu Kota Nusantara (IKN). Seperti apa? https://t.co/ZccwSrNdLA,kementerian esdm mengungkap temuan aktivitas pembukaan tambang ilegal kawasan kota nusantara ikn . apa?
1988482277496750427,2025-11-12 05:41:33+00:00,1738077678950035456,"Selamanya Kami menolak keras pembangunan IKN. Semula dikatakan tidak pakai APBN. Faktanya pakai APBN. Kita ditipu terus. 

https://t.co/Vujcv5GjHb",menolak keras pembangunan ikn. pakai apbn. faktanya pakai apbn. ditipu terus.
1988482267757637721,2025-11-12 05:41:31+00:00,1866642235,"Dukung IKN, Dukung Ekonomi Indonesia! IKN siap menjadi pusat ekonomi baru yang dinamis, dengan investasi swasta mencapai Rp6,49 triliun. Mari dukung pembangunan IKN untuk Indonesia yang lebih maju!

#IKN #IndonesiaSemakinMaju #KotaHijau https://t.co/qGaDzAwJNG","dukung ikn, dukung ekonomi indonesia! ikn pusat ekonomi dinamis, investasi swasta mencapai rp6,49 triliun. mari dukung pembangunan ikn indonesia maju!"
1988481744056561730,2025-11-12 05:39:26+00:00,1927397092013510656,Aduh ikn udin petotttt tp gaada lawannnn,aduh ikn udin petotttt tp gaada lawannnn
1988481679993041073,2025-11-12 05:39:11+00:00,437307829,"@HerryMwatson @sharpandshark Gbhn sistem terbaik buat negara kita, daripada mengandalkan rpjmn rpjmd rpjmdes. Tiap ganti pemimpin ganti kebijakan. Ga ada keberlanjutan dan transaksional. Andai ada gbhn, maka IKN dan wossh ga akan ada. Ga akan ada pembangunan negara yg sia sia dan asal asalan.","gbhn sistem terbaik negara kita, mengandalkan rpjmn rpjmd rpjmdes. ganti pemimpin ganti kebijakan. ga keberlanjutan transaksional. andai gbhn, ikn wossh ga ada. ga pembangunan negara yg sia sia asalan."
1988481662393741539,2025-11-12 05:39:07+00:00,1462135745326436354,@JackVardan IKN itukan memang proyek Taipan dan Beijing,ikn itukan proyek taipan beijing
1988481333795188796,2025-11-12 05:37:48+00:00,1257549338844123136,"dam adalah aset negara yang harus dijaga. Terus Berkomitmen Tuntas Berantas Kriminal #SigapTuntaskanKasus Kejahatanan denda Rp100 miliar. Polri menegaskan, penambangan ilegal di kawasan IKN tidak akan dibiarkan, sumber daya al","dam aset negara dijaga. berkomitmen tuntas berantas kriminal kejahatanan denda rp100 miliar. polri menegaskan, penambangan ilegal kawasan ikn dibiarkan, sumber daya al"
1988481030924488947,2025-11-12 05:36:36+00:00,818341300797722624,"Polri menegaskan, penambangan ilegal di kawasan IKN tidak akan dibiarkan, sumber daya alam adalah aset negara yang harus dijaga. Terus Berkomitmen Tuntas Berantas Kriminal #SigapTuntaskanKasus Kejahatan","polri menegaskan, penambangan ilegal kawasan ikn dibiarkan, sumber daya alam aset negara dijaga. berkomitmen tuntas berantas kriminal kejahatan"
1988480469693067709,2025-11-12 05:34:22+00:00,1590218330803093505,"penjara dan denda Rp100 miliar. Polri menegaskan, penambangan ilegal di kawasan IKN tidak akan dibiarkan, sumber daya alam adalah aset negara yang harus dijaga. Terus Berkomitmen Tuntas Berantas Kriminal #SigapTuntaskanKasus Kejahatan","penjara denda rp100 miliar. polri menegaskan, penambangan ilegal kawasan ikn dibiarkan, sumber daya alam aset negara dijaga. berkomitmen tuntas berantas kriminal kejahatan"
1988480325090267261,2025-11-12 05:33:48+00:00,1410966043,@kompascom IKN akan mjd sia-sia krn presiden yg skrg kayanya ogah pindah ke IKN...,ikn mjd sia sia krn presiden yg skrg kayanya ogah pindah ikn...
1988480265232982404,2025-11-12 05:33:34+00:00,1568045311368765441,"Tersangka dijerat UU Minerba dengan ancaman lima tahun penjara dan denda Rp100 miliar. Polri menegaskan, penambangan ilegal di kawasan IKN tidak akan dibiarkan, sumber daya alam adalah aset negara yang harus dijaga.","tersangka dijerat uu minerba ancaman penjara denda rp100 miliar. polri menegaskan, penambangan ilegal kawasan ikn dibiarkan, sumber daya alam aset negara dijaga."
1988478496042344497,2025-11-12 05:26:32+00:00,2911375412,"Rifqi menegaskan, IKN bukan sekadar proyek fisik, tapi simbol transformasi birokrasi nasional.
“Pembangunan IKN harus membentuk budaya pemerintahan baru yang modern, inklusif, dan berintegritas.”
#DPRRI #IKNNusantara #RajaMedia","rifqi menegaskan, ikn proyek fisik, simbol transformasi birokrasi nasional. pembangunan ikn membentuk budaya pemerintahan modern, inklusif, berintegritas."
1988478492078666167,2025-11-12 05:26:31+00:00,2911375412,"Tahap berikutnya, migrasi ASN dari 16 kementerian/lembaga ke IKN dimulai tahun 2026.
Sekitar 2.400–2.600 ASN akan pindah bertahap hingga 2028, sesuai Perpres No. 79 Tahun 2025.
“Pemerintah harus pastikan semua fasilitas dasar sudah siap,” kata Rifqi.
#ASN #IKN","tahap berikutnya, migrasi asn 16 kementerian lembaga ikn 2026. 2.400 2.600 asn pindah bertahap 2028, sesuai perpres no. 79 2025. pemerintah pastikan fasilitas dasar siap, rifqi."
1988478487053930717,2025-11-12 05:26:30+00:00,2911375412,"Selama dua tahun anggaran terakhir, Komisi II DPR RI fokus pada penggunaan APBN untuk pembinaan infrastruktur, kawasan pemerintahan, dan hunian ASN.
Rifqi menilai progres di lapangan “sangat baik”, termasuk kesiapan regulasi dan tata kelola IKN.
#IKN2025 #Rifqinizamy","anggaran terakhir, komisi ii dpr ri fokus penggunaan apbn pembinaan infrastruktur, kawasan pemerintahan, hunian asn. rifqi menilai progres lapangan , kesiapan regulasi tata kelola ikn."
1988478482930954422,2025-11-12 05:26:29+00:00,2911375412,"“DPR akan terus memastikan anggaran negara digunakan tepat sasaran untuk menyelesaikan tahap pertama IKN,” ujarnya.

#AnggaranIKN","dpr anggaran negara sasaran menyelesaikan tahap ikn, ujarnya."
1988478481030901804,2025-11-12 05:26:28+00:00,2911375412,"Ketua Komisi II DPR RI, Muhammad Rifqinizamy Karsayuda, menegaskan komitmen DPR dalam mengawal percepatan pembangunan Ibu Kota Nusantara (IKN).

#IKN #DPRRI 

https://t.co/tAUC1V4fRR","ketua komisi ii dpr ri, muhammad rifqinizamy karsayuda, komitmen dpr mengawal percepatan pembangunan kota nusantara ikn ."
1988478306367553715,2025-11-12 05:25:47+00:00,1336902722105163776,"dan denda Rp100 miliar. Polri menegaskan, penambangan ilegal di kawasan IKN tidak akan dibiarkan, sumber daya alam adalah aset negara yang harus dijaga. Terus Berkomitmen Tuntas Berantas Kriminal #SigapTuntaskanKasus Kejahatan","denda rp100 miliar. polri menegaskan, penambangan ilegal kawasan ikn dibiarkan, sumber daya alam aset negara dijaga. berkomitmen tuntas berantas kriminal kejahatan"
1988477724672102576,2025-11-12 05:23:28+00:00,700471787788734465,"@kompascom Bpk yg satu ini tidak merasa sudah salah jalan tapi ngeyel

Membangun Indonesia dgn pendirian ber-bagai industri dan berbagai pertanian yg produktif hasilnya dinikmati masyarakat luas sekaligus meningkatkan income masyarakat

IKN itu meningkatkan apa? Malah menghabiskan duit",bpk yg salah jalan ngeyel membangun indonesia dgn pendirian ber industri pertanian yg produktif hasilnya dinikmati masyarakat luas meningkatkan income masyarakat ikn meningkatkan apa? menghabiskan duit
1988477088207434121,2025-11-12 05:20:56+00:00,1139877357055909888,Unpopular opinion but dari pada ngabisin dana buat proyek gajelas kek whoosh &amp; IKN mending perbagus indo dulu jadi gini😃 https://t.co/D1Ix4xMcDU,unpopular opinion but ngabisin dana proyek gajelas kek whoosh amp ikn mending perbagus indo gini
1988476835953516731,2025-11-12 05:19:56+00:00,1954354960323497984,"@en_vapid @O5Bravo Yg balik ke daerah skrg dikepras utk mainan2 rezim baru, termasuk IKN. Dapet benefit enggak, hak daerah malah berkurang.","yg daerah skrg dikepras utk mainan2 rezim baru, ikn. dapet benefit enggak, hak daerah berkurang."
1988476514841882659,2025-11-12 05:18:39+00:00,1741782466942439424,"@GNFI Bangun terus infrastruktur jakarta bandung, semua dibuat supaya cepat ke 2 wilayah ini. Padahal akses cepat kedua wilayah ini sudah banyak. IKN jadi makin sia sia. Daerah-daerah yg tertinggal masih sangat banyak.","bangun infrastruktur jakarta bandung, cepat 2 wilayah ini. akses cepat wilayah banyak. ikn sia sia. daerah daerah yg tertinggal banyak."
1988474099841286576,2025-11-12 05:09:04+00:00,1856515216445673472,@P66Senopati @BANGSAygSUJUD @jokowi @prabowo @99propaganda @are_inismyname @Ndons_Back @florieliciouss @kiwalipitu @Kimberley_PS08 @IrawanRommi @FDonghun @SBaigin @wrahardian2 Kamu kecewa Indonesia makin mendunia dg IKN?,kecewa indonesia mendunia dg ikn?
1988473818382561300,2025-11-12 05:07:57+00:00,198417114,"@P66Senopati @BANGSAygSUJUD @jokowi @prabowo @99propaganda @are_inismyname @Ndons_Back @florieliciouss @kiwalipitu @Kimberley_PS08 @IrawanRommi @FDonghun @SBaigin @wrahardian2 Kenapa harus sinis dg IKN? 

IKN bukan milik Jokowi tapi milik Indonesia 

IKN mimpi bung Karno juga rakyat negeri ini agar punya ibu kota negara yg sangat mendunia keindahan dan kemegahannya juga konsep kembali ke alam",sinis dg ikn? ikn milik jokowi milik indonesia ikn mimpi karno rakyat negeri kota negara yg mendunia keindahan kemegahannya konsep alam
1988473358170956006,2025-11-12 05:06:07+00:00,1909069879136956417,"Bull case struktural: KRAS jadi pilar substitusi impor + penopang proyek nasional (IKN, maritim, alutsista). Perpustakaan. Bear case siklikal: siklus oversupply global dan harga seabrek dari China nyeret margin.","bull case struktural kras pilar substitusi impor penopang proyek nasional ikn, maritim, alutsista . perpustakaan. bear case siklikal siklus oversupply global harga seabrek china nyeret margin."
1988471100020584711,2025-11-12 04:57:08+00:00,1852156608941588480,"@BANGSAygSUJUD @jokowi @prabowo @99propaganda @are_inismyname @Ndons_Back @florieliciouss @kiwalipitu @Kimberley_PS08 @IrawanRommi @FDonghun @SBaigin @wrahardian2 Hhee .. hhee .. fragming trooss, udah tau bakalan mangkrakk ikn .. kerja tolol jukuweik 👺🧠💩💩🤮🤮","hhee .. hhee .. fragming trooss, udah tau mangkrakk ikn .. kerja tolol jukuweik"
1988470061645131907,2025-11-12 04:53:01+00:00,384421199,"Transparansi International pernah menyebut jumlah uang hasil korupsi Soeharto kalo dirupiahkan mencapai 35 miliar dolar AS atau dengan kurs skrg setara Rp 585 triliun

Kalo seperlimanya aja disita negara, langsung lunas itu utang Whoosh

Yang 400 T bahkan bs buat nyelesain IKN https://t.co/s1PBi4hn22","transparansi international menyebut uang hasil korupsi soeharto kalo dirupiahkan mencapai 35 miliar dolar as kurs skrg setara rp 585 triliun kalo seperlimanya aja disita negara, langsung lunas utang whoosh 400 t bs nyelesain ikn"
1988469298848051432,2025-11-12 04:49:59+00:00,947181899633516545,"menggunakan izin perusahaan resmi. Tersangka dijerat UU Minerba dengan ancaman lima tahun penjara dan denda Rp100 miliar. Polri menegaskan, penambangan ilegal di kawasan IKN tidak akan dibiarkan, sumber daya alam adalah aset negara yang harus dijaga.","izin perusahaan resmi. tersangka dijerat uu minerba ancaman penjara denda rp100 miliar. polri menegaskan, penambangan ilegal kawasan ikn dibiarkan, sumber daya alam aset negara dijaga."
1988469000783986777,2025-11-12 04:48:48+00:00,2650421658,"RDMP Balikpapan juga memperindah wajah kota dan menambah nilai strategis Balikpapan sebagai kota industri sekaligus pintu gerbang IKN. Wali Kota berharap proyek RDMP Balikpapan–Lawe Lawe dapat memberikan manfaat besar bagi masyarakat Kaltim dan Indonesia.
https://t.co/roalRxtqiU",rdmp balikpapan memperindah wajah kota menambah nilai strategis balikpapan kota industri pintu gerbang ikn. wali kota berharap proyek rdmp balikpapan lawe lawe manfaat masyarakat kaltim indonesia.
1988468683098993065,2025-11-12 04:47:32+00:00,1572390221177851904,"@kayseraphine Pasti karena Whoosh, IKN, Esemka, food estate dan proyek ghaib lainnya beliau disukai masyarakat","whoosh, ikn, esemka, food estate proyek ghaib beliau disukai masyarakat"
1988468147255660568,2025-11-12 04:45:24+00:00,398631452,"@icaruscomplexx Mau gimana lagi, Raja Jawa aja ngotot bangun IKN dengan alasan istana negara bau kolonial. 😭","gimana lagi, raja jawa aja ngotot bangun ikn alasan istana negara bau kolonial."
1988468067291328962,2025-11-12 04:45:05+00:00,1748945779820306432,"@jokowi Izin bertanya, yang jadi investor IKN siapa aja. Kan sudah ada hitungannya kalkulasinya trus dulu bilangnya ratusan dari nganu dan nganu","izin bertanya, investor ikn aja. hitungannya kalkulasinya trus bilangnya ratusan nganu nganu"
1988465547349291334,2025-11-12 04:35:05+00:00,1369663239718465538,"Dari Bambakoro sampai Kalukku, Yusuf menjumpai warga yang terdampak dan menolak tambang tapi malah dikriminalisasi.

https://t.co/P0IaUAcYXG","bambakoro kalukku, yusuf menjumpai warga terdampak menolak tambang dikriminalisasi."
1988465331271332271,2025-11-12 04:34:13+00:00,1432242767544008704,"@susipudjiastuti IKN, Whoos, bandara2 mangkrak","ikn, whoos, bandara2 mangkrak"
1988464893813813630,2025-11-12 04:32:29+00:00,1846351428677521409,"@Kimberley_PS08 IKN proyek jng panjang diatur dg UU artinya KEPUTUSAN NEGARA  siapapun PRESIDENNYA wajib meneruskan misalnya Pak JOKOWI selesaikan 15 %, PAK PRABOWO 25 % sisanya REZIM berikutnya, REFERENSI MEDIA INDEPENDEN TERPERCAYA https://t.co/SK5oP527Co","ikn proyek jng diatur dg uu keputusan negara presidennya wajib meneruskan jokowi selesaikan 15 , prabowo 25 sisanya rezim berikutnya, referensi media independen terpercaya"
1988463661430829533,2025-11-12 04:27:35+00:00,1321136825377853440,"lagi belajar sambil nonton mv letdown, jujur kaget banget kalo di IKN 😭 gila gg banget recall-recall di base musuh","belajar nonton mv letdown, jujur kaget banget kalo ikn gila gg banget recall recall base musuh"
1988463115621781694,2025-11-12 04:25:25+00:00,940427628,"@MDustino @Arnold16394126 @yaniarsim Tinggal buktikan saja,,, oya, sekalian sama 6000 pesenan mobil esemka dan ratusan investor luar negeri untuk proyek IKN 😄","tinggal buktikan saja,,, oya, 6000 pesenan mobil esemka ratusan investor negeri proyek ikn"
1988459498567332274,2025-11-12 04:11:02+00:00,2468923218,"@BANGSAygSUJUD @jokowi @prabowo @99propaganda @are_inismyname @Ndons_Back @florieliciouss @kiwalipitu @Kimberley_PS08 @IrawanRommi @FDonghun @SBaigin @wrahardian2 Kok yang tayangkan kawan2 sebelah IKN yang mangkrak ya, yang ini bagus sekali jauh dari kata mangkrak 😂","tayangkan kawan2 sebelah ikn mangkrak ya, bagus mangkrak"
1988458773174989287,2025-11-12 04:08:09+00:00,1741650995313295360,@preman69691 @Sammi86Reborn @samiagain86 @Lea_Dhai @amtknp @DianeElQueen @Baldo04555156 @Ruth_111_ @dodisegrovee @BukeLeadee @PrabawantaSri @feroferraferri Brgkt kmn nich ke IKN atau ???,brgkt kmn nich ikn ???
1988457961140998523,2025-11-12 04:04:56+00:00,1337643428729954304,"Dah bener dulu ada iptn, kedirgantaraan, buat pesawat yg ukuran pas dulu untuk mencakup daerah2 dan kepulauan, sehingga gak usah beli pesawat dari luar. Kebutuhan pesawat kecil itu banyak. Eh di hapus dari PSN, Lah sekarang malah IKN, ada patung pake sayap tapi gak bisa terbang.","dah bener iptn, kedirgantaraan, pesawat yg ukuran pas mencakup daerah2 kepulauan, gak beli pesawat luar. kebutuhan pesawat banyak. eh hapus psn, ikn, patung pake sayap gak terbang."
1988457854366568675,2025-11-12 04:04:30+00:00,1027893367022084097,@susipudjiastuti Harusnya anggaran wooos dan IKN untuk seperti ini,anggaran wooos ikn
1988457716088795345,2025-11-12 04:03:57+00:00,125916074,"@elisa_jkt makanya tinggal di IKN Ci, udah bebas pohon   🤭","tinggal ikn ci, udah bebas pohon"
1988457645540536676,2025-11-12 04:03:41+00:00,1749698965539553280,"Mereka koar koar Jokowi telah banyak membangun:
Jalan tol
Bandara
IKN 
Whoosh 
Sementara yg miskin ekstrim masih banyak disudut sudut negri ini.
Mereka terabaikan 😪 https://t.co/uC2Fgs0AHf",koar koar jokowi membangun jalan tol bandara ikn whoosh yg miskin ekstrim disudut sudut negri ini. terabaikan
1988456637561270748,2025-11-12 03:59:40+00:00,1497292654945923073,@brandonsalim Ya mangkrak lah kek ikn,ya mangkrak kek ikn
1988456039004729720,2025-11-12 03:57:18+00:00,2732248734,"Dukung IKN, Dukung Ekonomi Indonesia! IKN siap menjadi pusat ekonomi baru yang dinamis, dengan investasi swasta mencapai Rp6,49 triliun. Mari dukung pembangunan IKN untuk Indonesia yang lebih maju!
#IKN #IndonesiaSemakinMaju #KotaHijau https://t.co/WQMwCdYSaP","dukung ikn, dukung ekonomi indonesia! ikn pusat ekonomi dinamis, investasi swasta mencapai rp6,49 triliun. mari dukung pembangunan ikn indonesia maju!"
1988451205182615560,2025-11-12 03:38:05+00:00,1573963098687676416,"@O5Bravo @hypergengsi Lu itu tolol apa gimana? Koar2 minta pembangunan merata seluruh wilayah indonesia tapi protes duitnya dari mana, giliran IKN yg pemborosan dan jelas2 penuh dg mark up dan korupsi lu ketrigger 🤣🤣🤣
Bilang aja lu ternaknya mulyono udah","lu tolol gimana? koar2 pembangunan merata wilayah indonesia protes duitnya mana, giliran ikn yg pemborosan jelas2 penuh dg mark up korupsi lu ketrigger bilang aja lu ternaknya mulyono udah"
1988448604550557980,2025-11-12 03:27:45+00:00,1574633001383645185,@Luna_Needsleep FAKE PEMERINTAH HATER KAMU LEBIH PIKIRIN BAKAR IKAN DARIPADA BAKAR IKN,fake pemerintah hater pikirin bakar ikan bakar ikn
1981534664599998959,2025-10-24 01:34:13+00:00,1671162352019054592,@dolathexplore cocok uda ke ikn bang,cocok uda ikn bang
1981532929844269170,2025-10-24 01:27:20+00:00,3192779092,"@KangManto123 Sedungu apa rakyat dimata rezim, bisa2nya membuai rakyat separah ini ? Agar ga kritis ? Agar ga meneriakkan kelaparan ? Agar ga meneriakkan ketidakadilan ?
Melupakan food estate , IKN,Woosh,berujung kesengsaraan ?
Ntar dgn mudah disumpal beras Bansos?","sedungu rakyat dimata rezim, bisa2nya membuai rakyat separah ? ga kritis ? ga meneriakkan kelaparan ? ga meneriakkan ketidakadilan ? melupakan food estate , ikn,woosh,berujung kesengsaraan ? ntar dgn mudah disumpal beras bansos?"
1981532577254318401,2025-10-24 01:25:56+00:00,250986551,@evalez_fr Woosh sama IKN biangnya teh🤑,woosh ikn biangnya teh
1981528045262688639,2025-10-24 01:07:55+00:00,1486631613932834819,"Otorita IKN Menuju Pemdasus, Batas Wilayah Disepakati
Kapan @prabowo betani datang je IKN?
Takut hilang ""kesaktiannya"" ...
@Gerindra
 https://t.co/qVCSvHAPn2","otorita ikn pemdasus, batas wilayah disepakati betani je ikn? takut hilang kesaktiannya ..."
1981526477612208532,2025-10-24 01:01:41+00:00,72794658,@voidbot Ikn nya bnyk bgt,ikn nya bnyk bgt
1981525743705461023,2025-10-24 00:58:46+00:00,3118328276,@mardigu024 Knp dia ga bangun rumah pensiun di IKN ya? Katanya bakal jd kota smart di dunia.,knp ga bangun rumah pensiun ikn ya? jd kota smart dunia.
1981525711891619911,2025-10-24 00:58:39+00:00,1604393119494963200,"@sharpandshark yuk @KPK_RI dan @KejaksaanRI dah ada kerugian negara yang nyata akibat tata kelola anggaran yang ugal²an.
belum lagi tol laut, kereta cepat, ikn, mandalika, dll...","yuk dah kerugian negara nyata akibat tata kelola anggaran ugal²an. tol laut, kereta cepat, ikn, mandalika, dll..."
1981521878243274786,2025-10-24 00:43:25+00:00,1036440787,"@geloraco Setelah dihukum karena whoosh maka kekebalannya rontok kemudian ijazah palsu, IKN menyusul","dihukum whoosh kekebalannya rontok ijazah palsu, ikn menyusul"
1981521544812908764,2025-10-24 00:42:05+00:00,1706947002,@peachphrodite Sepupuku tinggal di apartemen Pertamina depan blue sky hotel Balikpapan...papaku pernah ke kunjungan kerja ke IKN...tiket PP pesawat Jogja ke balikpapan mahal banget per orang 7 juta😭✈️🛫🛬,sepupuku tinggal apartemen pertamina blue sky hotel balikpapan...papaku kunjungan kerja ikn...tiket pp pesawat jogja balikpapan mahal banget orang 7 juta
1981521526483800123,2025-10-24 00:42:01+00:00,100457433,"@kompascom Spt proyek yg tdk melalui kajian yg matang...

Asal bangun,
Biar terlihat megah..
Lbh ke gengsi/kebanggaan saja...
Soal kebermanfaatan-feasible atau tdk gak penting...

Moreless like IKN, whoosh...","spt proyek yg tdk kajian yg matang... bangun, biar megah.. lbh gengsi kebanggaan saja... kebermanfaatan feasible tdk gak penting... moreless like ikn, whoosh..."
1981520908188864842,2025-10-24 00:39:34+00:00,100457433,"@susipudjiastuti Betul..
Spt proyek yg tdk melalui kajian yg matang...

Asal bangun,
Biar terlihat megah..
Lbh ke gengsi/kebanggaan saja...
Soal kebermanfaatan-feasible atau tdk gak penting...

Moreless like IKN, whoosh...","betul.. spt proyek yg tdk kajian yg matang... bangun, biar megah.. lbh gengsi kebanggaan saja... kebermanfaatan feasible tdk gak penting... moreless like ikn, whoosh..."
1981520806103699556,2025-10-24 00:39:09+00:00,100457433,"Betul..
Spt proyek yg tdk melalui kajian yg matang...

Asal bangun,
Biar terlihat megah..
Lbh ke gengsi/kebanggaan saja...
Soal kebermanfaatan-feasible atau tdk gak penting...

Moreless like IKN, whoosh... https://t.co/XuG0m1oo70","betul.. spt proyek yg tdk kajian yg matang... bangun, biar megah.. lbh gengsi kebanggaan saja... kebermanfaatan feasible tdk gak penting... moreless like ikn, whoosh..."
1981516965853483438,2025-10-24 00:23:54+00:00,1513694552443727873,"@KangManto123 yg paling terima kasih para LC di IKN lah..krn mrk lah jadi pionir bisnis di IKN🤣🤣🤣

jangan bawa² Republik...!!
tuh Republik saat ini kebagian sampah krn anaknya jadi RI-2",yg terima kasih lc ikn lah..krn mrk pionir bisnis ikn bawa² republik...!! tuh republik kebagian sampah krn anaknya ri 2
1981516922056560864,2025-10-24 00:23:43+00:00,1720665183188922368,"@faroq_abusiri @ahas4j4 @majikanpenjabat @UmarHasibuan__ @msaid_didu Kelebihan era Jokowi meliputi pembangunan infrastruktur masif seperti jalan tol, bandara, dan IKN yang tingkatkan konektivitas serta pertumbuhan ekonomi stabil rata-rata 5% per tahun, ditambah pengurangan kemiskinan melalui program sosial. Kekurangannya mencakup kemunduran","kelebihan era jokowi meliputi pembangunan infrastruktur masif jalan tol, bandara, ikn tingkatkan konektivitas pertumbuhan ekonomi stabil 5 tahun, ditambah pengurangan kemiskinan program sosial. kekurangannya mencakup kemunduran"
1981516326477975631,2025-10-24 00:21:21+00:00,1967954009127333888,@AnilKum04811484 @sarh12dd3 IKN🤝v✅vt0ydu4W🏢🦵Fcj👰9fq🤢4JSwTNhM,ikn v vt0ydu4w fcj 9fq 4jswtnhm
1981515659973693689,2025-10-24 00:18:42+00:00,1923878870580854788,@sharpandshark Bandara IKN,bandara ikn
1981515205684375672,2025-10-24 00:16:54+00:00,840189109150744577,"@KangManto123 Suetujuuuuu
Kalau ga ada Jokowi, Republik ini ga bakalan punya hutang yang bejibun, IKN dan Whoosh","suetujuuuuu ga jokowi, republik ga hutang bejibun, ikn whoosh"
1981507954701713726,2025-10-23 23:48:05+00:00,1904176456625963008,BARU WHOOSH BELUM IKN !!!! https://t.co/2sOJXkO8ng,whoosh ikn !!!!
1981505977531978023,2025-10-23 23:40:14+00:00,1566729043533529088,"@prabowo CONTOH KERJA TIDAK CERDAS MERUGIKAN NEGARA, BANYAK LAGI SEPERTI IKN DAN KCIC.

https://t.co/4M2O7GLyTW","contoh kerja cerdas merugikan negara, ikn kcic."
1981505970938532160,2025-10-23 23:40:12+00:00,1975536664681586691,"Auriga Habitat Orang Utan Hancur Akibat Deforestasi Hutan Kalimantan.

ANDIL PROYEK IKN NUSANTARA BERAPA PERSEN DARI KEHANCURAN HUTAN KALIMANTAN ?
https://t.co/1PrmdIr3Z5",auriga habitat orang utan hancur akibat deforestasi hutan kalimantan. andil proyek ikn nusantara persen kehancuran hutan kalimantan ?
1981501155818766535,2025-10-23 23:21:04+00:00,554860435,@0tk0il Makanan daerah khas IKN apa ya?,makanan daerah khas ikn ya?
1981498730722578571,2025-10-23 23:11:26+00:00,1566729043533529088,"@prabowo BUKTI &amp; FAKTA KEDUNGUAN &amp; KEJAHATAN JOKOWI SEPERTI IKN &amp;  KCIC SDH TDK TERBANTAHKAN, PEMBIARAN AKAN MENGAKTIFKAN BOM WAKTU YG SE-WAKTU² AKAN MELEDAH MENJADI KEMARAHAN RAKYAT. 

https://t.co/GgS2EIuGLL","bukti amp fakta kedunguan amp kejahatan jokowi ikn amp kcic sdh tdk terbantahkan, pembiaran mengaktifkan bom yg waktu² meledah kemarahan rakyat."
1981498347807781287,2025-10-23 23:09:55+00:00,1913431195297460224,"@geloraco Koq baru sekarang ngomongnya ?
IKN , WOSSH kalian ngekor aja","koq ngomongnya ? ikn , wossh ngekor aja"
1981497600923881945,2025-10-23 23:06:57+00:00,1967087385663184896,"@AraituLaki @jokowi IKN bukan untuk JKW tetapi untuk generasi kini dan masa depan di 2045,,ibu kota yg bebas polusi yg membuat pemerintahan bekerja aman dan nyaman 
https://t.co/884Z2yivkq","ikn jkw generasi 2045,,ibu kota yg bebas polusi yg pemerintahan aman nyaman"
1981495194571984993,2025-10-23 22:57:23+00:00,1648555393671630849,"@DS_yantie @gibran_tweet anda mundur aja legowo, kemampuan anda tidak ada sama sekali untuk menyelesaikan masalah negara! Masalah rezim lalu yg carut marut, IKN, Kereta woossh,daya beli hancur, ekonomi babak belur, pajak mencekik leher, pendidikan mahal, korupsi gila2an.kasihan @prabowo","mundur aja legowo, kemampuan menyelesaikan negara! rezim yg carut marut, ikn, kereta woossh,daya beli hancur, ekonomi babak belur, pajak mencekik leher, pendidikan mahal, korupsi gila2an.kasihan"
1981494932260212803,2025-10-23 22:56:20+00:00,1941796336921399297,"Selain WHOOSH, IKN, jangan lupa bandara² yang sepi 
Bandara² tersebut adalah:
Bandara Sudirman Purbalingga.
Bandara Wiriadinata Tasikmalaya.
Bandara Ngloram Blora. 
Bandara Kertajati Majalengka.
Bandara Ahmad Yani Semarang. 
Bandara Dhoho Kediri. https://t.co/VcvLq1CMpa","whoosh, ikn, lupa bandara² sepi bandara² bandara sudirman purbalingga. bandara wiriadinata tasikmalaya. bandara ngloram blora. bandara kertajati majalengka. bandara ahmad yani semarang. bandara dhoho kediri."
1981494605523915194,2025-10-23 22:55:03+00:00,1605179515084607489,"@BosPurwa Sama hal nya IKN. Proyek"" kedok.",nya ikn. proyek kedok.
1981493704860062144,2025-10-23 22:51:28+00:00,1316146862894641152,"@anaksusu @containsclouds @IndoPopBase Sok-sok an olimpik, noh IKN pikirin biar gak mubazir","sok sok an olimpik, noh ikn pikirin biar gak mubazir"
1981482896545501419,2025-10-23 22:08:31+00:00,1358050106990186497,@Rian__Az @NayDonuts Wakakakaka visi misi mentri tidak ada..hanya ada visi misi presiden...😀😀 KCIC salahin parpol...IKN nyalahin sapa ntar 🤪🤪🤪,wakakakaka visi misi mentri ada..hanya visi misi presiden... kcic salahin parpol...ikn nyalahin sapa ntar
1981478505486700622,2025-10-23 21:51:04+00:00,438062789,@SammiSoh @ABThree73500 Lebih tolol mana sama yg punya ide IKN kereta cepat esemka dan punya banyak koleksi gelar dan ijazah🤣,tolol yg ide ikn kereta cepat esemka koleksi gelar ijazah
1975103377953673567,2025-10-06 07:38:35+00:00,161251950,"@ARSIPAJA Dari dulu sumber air IKN ya minim, makanya dibuat bendungan Sepaku Semoi lengkap dengan Sistem Penyediaan Air Minum (SPAM), dgn debit terpasang saat ini suplai air untuk IKN cukup hingga hingga 2030. Dgn perkembangan kota kedepan, ya tentu nanti perlu ditambah kapasitas SPAM nya","sumber air ikn ya minim, bendungan sepaku semoi lengkap sistem penyediaan air minum spam , dgn debit terpasang suplai air ikn 2030. dgn perkembangan kota kedepan, ya ditambah kapasitas spam nya"
1975102585230303717,2025-10-06 07:35:26+00:00,1750590016567250944,Wakil Ketua DPR RI akan cek langsung kebakaran hunianpekerja di IKN dan pastikan penanganan cepat dan tuntas. https://t.co/PlOl2H6hib,wakil ketua dpr ri cek langsung kebakaran hunianpekerja ikn pastikan penanganan cepat tuntas.
1975102227900748140,2025-10-06 07:34:01+00:00,1691077889377345536,"@tekarok007 @aewin86 Semoga IKN juga begitu, 3 tahun lagi bisa ramai penghuni dan cepat berkembang kotanya","semoga ikn begitu, 3 ramai penghuni cepat berkembang kotanya"
1975099972120109562,2025-10-06 07:25:03+00:00,1961339618793852928,Wakil Ketua DPR RI akan cek langsung kebakaran hunianpekerja di IKN dan pastikan penanganan cepat dan tuntas. https://t.co/goGomp8Pmz,wakil ketua dpr ri cek langsung kebakaran hunianpekerja ikn pastikan penanganan cepat tuntas.
1975099165601612208,2025-10-06 07:21:51+00:00,1749698965539553280,"Jokowi,demi egonya bangun IKN disaat kondisi rakyat yg sedang kesusahan.
Habibie mengesampingkan egonya dan menutup industri pesawat terbangnya karena melihat kondisi rakyat yg kesusahan.

Belajarlah dari mereka pak @prabowo 
Siapa diantara mereka yg pantas ditiru. https://t.co/b9iaJXvfP0","jokowi,demi egonya bangun ikn disaat kondisi rakyat yg kesusahan. habibie mengesampingkan egonya menutup industri pesawat terbangnya kondisi rakyat yg kesusahan. belajarlah yg ditiru."
1975097370254958688,2025-10-06 07:14:43+00:00,1961341921982631936,Wakil Ketua DPR RI akan cek langsung kebakaran hunianpekerja di IKN dan pastikan penanganan cepat dan tuntas. https://t.co/oqOiaZF8WD,wakil ketua dpr ri cek langsung kebakaran hunianpekerja ikn pastikan penanganan cepat tuntas.
1975095170430595385,2025-10-06 07:05:58+00:00,1870664779616178176,"@G0LIATH87 Kalau saja saya ASN, saya dg senang hati mengajukan diri pindah ke IKN
Udara msh bersih, wilayah tertata, gada macet, tempat alami pasti msh byk yg bisa didatangi
Sayang bukan ASN😊","asn, dg senang hati mengajukan pindah ikn udara msh bersih, wilayah tertata, gada macet, alami msh byk yg didatangi sayang asn"
1975094830729699675,2025-10-06 07:04:37+00:00,1417004714575548416,"Di episode BUMN Corner kali ini, kita akan mengajak Sobat BUMN menjelajahi salah satu proyek kebanggaan negeri: Bandar Udara Internasional Nusantara yang berlokasi di Ibu Kota Negara (IKN). 
#BUMNUntukIndonesia #BandaraNusantara https://t.co/Uf9L9m9egq","episode bumn corner kali ini, mengajak sobat bumn menjelajahi salah proyek kebanggaan negeri bandar udara internasional nusantara berlokasi kota negara ikn ."
1975094757790732751,2025-10-06 07:04:20+00:00,1735636779192233984,"@kompascom Spekulasi pertemuan Jokowi-Prabowo:
- Ijazah S1 nya &amp;  Ijazah SMA Gibran
- Nasib kabinet dari Geng Solo
- 2 periode (diharapkan Gibran Jadi Presiden &amp; Jokowi Jadi wapres saat Prabowo dinyatakan tdk sehat)
- Nasib proyeknya IKN &amp; lainnya
- korupsi Xmenterinya diduga dia terlibat",spekulasi pertemuan jokowi prabowo ijazah s1 nya amp ijazah sma gibran nasib kabinet geng solo 2 periode diharapkan gibran presiden amp jokowi wapres prabowo dinyatakan tdk sehat nasib proyeknya ikn amp korupsi xmenterinya diduga terlibat
1975089261411196947,2025-10-06 06:42:29+00:00,1835971990278307840,"Riset BRIN Ungkap Hanya 0,5% Air Tersedia di Permukaan IKN, Terancam Berebut Air Bersih   https://t.co/bem6uP2I4v","riset brin 0,5 air tersedia permukaan ikn, terancam berebut air bersih"
1975087591222575576,2025-10-06 06:35:51+00:00,1184695438365974528,"@G0LIATH87 Seindah ini bisa ada yang bilang IKN mangkrak?
Kadang mereka itu harus belajar menerima kenyataan, kalau tidak semua sesuai dengan kayalannya.","seindah bilang ikn mangkrak? kadang belajar menerima kenyataan, sesuai kayalannya."
1975086351612846359,2025-10-06 06:30:56+00:00,514876304,@w63043 @zinzang69 @ARSIPAJA Justru dengan adanya IKN masalah air di kalimantan akhirnya mendapat perhatian yg dulunya gak ada yg peduli,ikn air kalimantan perhatian yg dulunya gak yg peduli
1975085150766768207,2025-10-06 06:26:09+00:00,1100628763065217024,@idextratime Mahal doang tapi ga guna. Kayak IKN,mahal doang ga guna. kayak ikn
1975084846159630732,2025-10-06 06:24:57+00:00,475749973,"@ARSIPAJA Mba Rara diangkat jd pns ikn aja, suruh stay disana pamggilin hujan tiap hari 🥴","mba rara diangkat jd pns ikn aja, suruh stay disana pamggilin hujan"
1975082655726424089,2025-10-06 06:16:15+00:00,1501925402930909185,@KangManto123 Lagi lihatin investor IKN yang antri mengular😂😂,lihatin investor ikn antri mengular
1975081141343490345,2025-10-06 06:10:13+00:00,1810701877652410368,"Yusri: Penataan Kabel Bawah Tanah Bukti Komitmen Balikpapan Jadi Kota Penyangga IKN
https://t.co/hGCMCKdQoe",yusri penataan kabel tanah bukti komitmen balikpapan kota penyangga ikn
1975080800430506021,2025-10-06 06:08:52+00:00,1502496454245425154,@ARSIPAJA Bodo amat...emang siapa suruh ngotot bangun IKN...,bodo amat...emang suruh ngotot bangun ikn...
1975080767891161420,2025-10-06 06:08:44+00:00,1854729492939653121,"Komisi III DPRD Balikpapan Dorong Standar Infrastruktur Setara IKN
https://t.co/4NZ4mLIzQb",komisi iii dprd balikpapan dorong standar infrastruktur setara ikn
1975080421122568571,2025-10-06 06:07:22+00:00,118371948,"Tindak Penambangan Ilegal, Otorita Komitmen Jaga Kawasan IKN https://t.co/wy6LGYs2O9 https://t.co/sCaZbtTLeV","tindak penambangan ilegal, otorita komitmen jaga kawasan ikn"
1975079629217271995,2025-10-06 06:04:13+00:00,887743587579944960,"Otorita 'Ngamuk', Bentuk Satgasus Sikat Tambang Batu Bara Ilegal hingga Rumah Liar di IKN  https://t.co/Z9v6E6yJeE","otorita ngamuk , bentuk satgasus sikat tambang batu bara ilegal rumah liar ikn"
1975079160554078289,2025-10-06 06:02:21+00:00,624211261,"@mediaindonesia berita berkenan ""Indonesia"" ? 

sepertinya/di duga
""Indonesia"" peroleh komitmen besar 
berupa oil reservoir konsesi di IKN, LCS 
seharusnya pada happy, senang, berpesta 

semoga tidak terkendala,
TERMINAL tidak terbuka tanpa ada tiket

begitu ?","berita berkenan indonesia ? duga indonesia peroleh komitmen oil reservoir konsesi ikn, lcs happy, senang, berpesta semoga terkendala, terminal terbuka tiket ?"
1975078704574566662,2025-10-06 06:00:33+00:00,96136106,@ARSIPAJA ikn fawzi,ikn fawzi
1975078428341833825,2025-10-06 05:59:27+00:00,408605996,Tidak lelah-lelah mengingatkan agar batalkan IKN dan pemindahan Ibu Kota Negara. @prabowo @DPR_RI.,lelah lelah batalkan ikn pemindahan kota negara.
1975077633294836072,2025-10-06 05:56:17+00:00,1798999878665973760,"Pemerintah Kabupaten Penajam Paser Utara (PPU), Kalimantan Timur, memberikan pendampingan kepada Satuan Pelayanan Pemenuhan Gizi (SPPG) dalam pengelolaan limbah dapur MBG.

Baca disini: https://t.co/pMbk6yfchk https://t.co/nzZZshX6sg","pemerintah kabupaten penajam paser utara ppu , kalimantan timur, pendampingan satuan pelayanan pemenuhan gizi sppg pengelolaan limbah dapur mbg. baca"
1975077217190453551,2025-10-06 05:54:38+00:00,1604106928140886017,"@ARSIPAJA @jokowi lo vampir penghisap darah rakyat indo, lo mati bakal seperti kamal attatruk , yakinnw mati lo pake beton IKN","lo vampir penghisap darah rakyat indo, lo mati kamal attatruk , yakinnw mati lo pake beton ikn"
1975076786448076885,2025-10-06 05:52:55+00:00,2283189500,"@AirinDatangLagi udah tau dari dulu, ikn gak layak jadi kota, air tanahnya gak ada, bawah tanahnya lapisan batubara gak ada air","udah tau dulu, ikn gak layak kota, air tanahnya gak ada, tanahnya lapisan batubara gak air"
1975070221980586161,2025-10-06 05:26:50+00:00,903229236051247104,"Belum Ditempati Pejabat Negara, Tanah IKN Sudah Dikeruk Penambang Ilegal https://t.co/xLcooEqXHf","ditempati pejabat negara, tanah ikn dikeruk penambang ilegal"
1975069446617399786,2025-10-06 05:23:45+00:00,1309315554004541440,"Kemungkinan nya, 
Ngomong masalah menteri dan pejabat titipan nya agar di bikin betah. Kasus ijazahnya dan anaknya. IKN dan PSN ( termasuk reklamasi laut). Tambang tambang ilegal dan kisruh demo kemarin yg memakan korban. https://t.co/zEezCX0Vw0","nya, ngomong menteri pejabat titipan nya bikin betah. ijazahnya anaknya. ikn psn reklamasi laut . tambang tambang ilegal kisruh demo kemarin yg memakan korban."
1975069077346635959,2025-10-06 05:22:17+00:00,2214281461,"@NarasiNewsroom Niat baik,tetep di dukung,ktika pmrintah mengevaluasi,brrti pmrintah serius,drpd bangun jln tol sm ikn,q lbih mdukung MBG,,,","niat baik,tetep dukung,ktika pmrintah mengevaluasi,brrti pmrintah serius,drpd bangun jln tol sm ikn,q lbih mdukung mbg,,,"
1975064763182010546,2025-10-06 05:05:09+00:00,18071520,ANTARA -  ANTARA -  Otorita tindak tegas aktivitas tanpa izin merusak lingkungan IKN https://t.co/Mp7FIxlJJU https://t.co/fX4lWD42eR,otorita tindak aktivitas izin merusak lingkungan ikn
1975062131809935867,2025-10-06 04:54:41+00:00,778822646024720384,@ARSIPAJA orang zaman prasejarah lebih pintar dari jkw dan pejabat ikn karena mereka tinggal berkelompok di dekat aliran sungai,orang zaman prasejarah pintar jkw pejabat ikn tinggal berkelompok aliran sungai
1975060772465385538,2025-10-06 04:49:17+00:00,1606916636837318660,@ARSIPAJA Knp @brin_indonesia baru skr ngemeng stok air di IKN minim? Takut mulyono ga ngasih dana riset?,knp skr ngemeng stok air ikn minim? takut mulyono ga ngasih dana riset?
1975058016904122464,2025-10-06 04:38:20+00:00,301991950,"@ARSIPAJA Gak kaget karena ikn dikelilingi lahan gambut yang gak bisa menyimpan air seperti tanah, makanya orang Kalimantan banyak yang hidup dipinggir sungai karena bisa diambil airnya untuk kehidupan, gak perlu ngebor sampai dalam","gak kaget ikn dikelilingi lahan gambut gak menyimpan air tanah, orang kalimantan hidup dipinggir sungai diambil airnya kehidupan, gak ngebor"
1975056800614613429,2025-10-06 04:33:30+00:00,1007186700454412288,"@paulbalance @AkbarGID penting blok liat hasil nanti 🤣

IKN lahan kayu industri eukaliptus,jadi dari awal memang khusus ditebangi.
Papua itu luas banyak lahan yang harusnya bisa dikultivasi + mengurangi malnutrisi akut disana

Satu²nya proyek gagal ya food estate di kalteng itupun dah jadi hutan sawit","blok liat hasil ikn lahan kayu industri eukaliptus,jadi khusus ditebangi. papua luas lahan dikultivasi mengurangi malnutrisi akut disana satu²nya proyek gagal ya food estate kalteng itupun dah hutan sawit"
1975055783021978064,2025-10-06 04:29:28+00:00,1957382805073416192,"Swissôtel Nusantara Anniversary Run 2025, Simbol Geliat Baru di Jantung IKN

Perayaan hari jadi Swissôtel Nusantara tahun ini dikemas berbeda dan penuh makna. Melalui kegiatan Anniversary Run 2025, hotel bintang lima yang beroperasi di kawasan Ibu Kota Nusantara
#senin #cubarsi","swissôtel nusantara anniversary run 2025, simbol geliat jantung ikn perayaan swissôtel nusantara dikemas berbeda penuh makna. kegiatan anniversary run 2025, hotel bintang beroperasi kawasan kota nusantara"
1975052307772649585,2025-10-06 04:15:39+00:00,1744940909547094016,"@ARSIPAJA Suruh yg ngebet bangun ikn tinggal disana aja, biar tambah buduk krn gak ada air","suruh yg ngebet bangun ikn tinggal disana aja, biar buduk krn gak air"
1975052042562597248,2025-10-06 04:14:36+00:00,1140095241174650880,"@ARSIPAJA Alasan paling konyol, dalam pembukaan sebuah proyek hal pertama yg di jadikan pertimbangan minimal ada 2 hal, yaitu ketersediaan air dan aksesibilitas.
Jadi sebenarnya ikn tak layak sejak awal, otoritas yg menangani amdal proyek ini layak dipidanakan.","alasan konyol, pembukaan proyek yg jadikan pertimbangan minimal 2 hal, ketersediaan air aksesibilitas. ikn layak awal, otoritas yg menangani amdal proyek layak dipidanakan."
1975050761513152745,2025-10-06 04:09:30+00:00,953476834385059840,@ARSIPAJA lah itu mangkanya pembangunan itu harus matang jgn asal bgun dan buang² duid @jokowi heleh proyek apa ini masalah aja isinya kan udh dibilang IKN ITU BEBAN APBN BUKAN HAL YANG TERLALU PENTING DAN FOCUS UTAMA EKONOMI hadeh,mangkanya pembangunan matang jgn bgun buang² duid heleh proyek aja isinya udh dibilang ikn beban apbn focus utama ekonomi hadeh
1975050600959328388,2025-10-06 04:08:52+00:00,320841720,@ARSIPAJA ya emg sebelum bangun IKN ga dianalisis dulu ketersediaan airnya? langsung bangun aja ya 🫠,ya emg bangun ikn ga dianalisis ketersediaan airnya? langsung bangun aja ya
1975048734934520169,2025-10-06 04:01:27+00:00,1003546165105704962,@G0LIATH87 IKN adalah wajah baru peradaban Indonesia🇮🇩,ikn wajah peradaban indonesia
1972575773082173568,2025-09-29 08:14:47+00:00,1954463468511514624,@jackcfrost UTANG IKN DAN WOSSH BAYAR PAKE GINJALNYA. ENAK AJA CUMA JADI KASIR NGAKU2 MENTERI.,utang ikn wossh bayar pake ginjalnya. enak aja kasir ngaku2 menteri.
1972575392881090966,2025-09-29 08:13:16+00:00,30201110,Abu Bakar Baasyir Menegur Jokowi: Dari IKN ke Hukum Islam https://t.co/ZlU5Ab0eH1,abu bakar baasyir menegur jokowi ikn hukum islam
1972574541923934564,2025-09-29 08:09:54+00:00,1896817891426832385,"Bandar Udara Internasional Nusantara yang berlokasi di Ibu Kota Negara (IKN). Bandara ini dibangun oleh PT Hutama Karya (Persero) dan menjadi ikon kemajuan infrastruktur Indonesia.

#BUMNUntukIndonesia #BUMNCorner #BandaraNusantara #IKN #HutamaKarya #SetahunBerdampak https://t.co/c3THi8YF4E",bandar udara internasional nusantara berlokasi kota negara ikn . bandara dibangun pt hutama karya persero ikon kemajuan infrastruktur indonesia.
1972571925018026071,2025-09-29 07:59:30+00:00,1431798789665275904,"Di episode BUMN Corner kali ini, kita akan mengajak Sobat BUMN menjelajahi salah satu proyek kebanggaan negeri: Bandar Udara Internasional Nusantara yang berlokasi di Ibu Kota Negara (IKN).","episode bumn corner kali ini, mengajak sobat bumn menjelajahi salah proyek kebanggaan negeri bandar udara internasional nusantara berlokasi kota negara ikn ."
1972568957052915904,2025-09-29 07:47:42+00:00,1945577288487346176,GJ4Lc0 pqNLh9 F505ngd MW49 aXJWT IkN,gj4lc0 pqnlh9 f505ngd mw49 axjwt ikn
1972568458719027403,2025-09-29 07:45:43+00:00,1578222594,OIKN Ungkap 9.500 Orang ASN Pindah Bertahap ke IKN Hingga 2029 https://t.co/hd5PthTnNU,oikn 9.500 orang asn pindah bertahap ikn 2029
1972567371194986528,2025-09-29 07:41:24+00:00,1003546165105704962,"@Maudy_Apain @artchitex @DjolaFix Jokowi memang tidak sejago bung Karno kalau orasi, tapi ditangan santai Jokowi banyak hal terutama fasilitas publik menjadi semakin bagus.

Coba perhatikan saja stasiun-stasiun kereta hari ini, semua terlihat lebih bagus dari sebelumnya.

Ini belum ngomongin IKN yang tampilannya","jokowi sejago karno orasi, ditangan santai jokowi fasilitas publik bagus. coba perhatikan stasiun stasiun kereta ini, bagus sebelumnya. ngomongin ikn tampilannya"
1972566200359199060,2025-09-29 07:36:45+00:00,1903096584608608256,"@itsmrssham Syukur Alhamdulillah Cikpuan Fida dlm masakan lauk untuk pengunjung sempat juga tokmat buat IKN tenggiri masak kari dan terung potong kecil masak sambal dan hati ayam,jamu staff2 mkn td...","syukur alhamdulillah cikpuan fida dlm masakan lauk pengunjung tokmat ikn tenggiri masak kari terung potong masak sambal hati ayam,jamu staff2 mkn td..."
1972565196033184175,2025-09-29 07:32:45+00:00,174156881,"@DedynurPalakka @DiahOraAyu @artchitex @Maudy_Apain Dalam pledoi terkenalnya “Indonesia Menggugat” (1930), Soekarno menggelorakan soal rakyat kecil (Marhaenisme) yang ditindas kapitalisme, imperialisme. Jokowisme?  Dia gadaikan tanah Kalimantan n  IKN 190 tahun. 

Cuma retorika Kosong Matamu kuwi 🤑😫🤮","pledoi terkenalnya indonesia menggugat 1930 , soekarno menggelorakan rakyat marhaenisme ditindas kapitalisme, imperialisme. jokowisme? gadaikan tanah kalimantan n ikn 190 tahun. retorika kosong matamu kuwi"
1972559778451984882,2025-09-29 07:11:14+00:00,847372542830444544,"Prabowo Mau Pindahkan 9.500 ASN ke IKN Hingga 2029
https://t.co/YOhzbOwwII",prabowo pindahkan 9.500 asn ikn 2029
1972506033387167875,2025-09-29 03:37:40+00:00,1847126713521799168,"Bandar Udara Internasional Nusantara yang berlokasi di Ibu Kota Negara (IKN). Bandara ini dibangun oleh PT Hutama Karya (Persero) dan menjadi ikon kemajuan infrastruktur Indonesia.

#BUMNUntukIndonesia #BUMNCorner #BandaraNusantara #IKN #HutamaKarya #SetahunBerdampak https://t.co/6cnQbZPrqV",bandar udara internasional nusantara berlokasi kota negara ikn . bandara dibangun pt hutama karya persero ikon kemajuan infrastruktur indonesia.
1972503425163419694,2025-09-29 03:27:18+00:00,1683219709,"IKN hadir sebagai kota hijau, modern, dan berkelanjutan
Dengan transportasi umum, ruang jalan prioritas, serta fasilitas ramah lingkungan, Nusantara siap menjadi simbol kemajuan Indonesia.
#DukungIKN #IKNUntukIndonesia #NusantaraMaju #IKNBerkelanjutan https://t.co/MI4xcVPvlF","ikn hadir kota hijau, modern, berkelanjutan transportasi umum, ruang jalan prioritas, fasilitas ramah lingkungan, nusantara simbol kemajuan indonesia."
1972503421455585575,2025-09-29 03:27:17+00:00,1683219709,"IKN hadir sebagai kota hijau, modern, dan berkelanjutan
Dengan transportasi umum, ruang jalan prioritas, serta fasilitas ramah lingkungan, Nusantara siap menjadi simbol kemajuan Indonesia.
#DukungIKN #IKNUntukIndonesia #NusantaraMaju #IKNBerkelanjutan https://t.co/p7LFYwZHV4","ikn hadir kota hijau, modern, berkelanjutan transportasi umum, ruang jalan prioritas, fasilitas ramah lingkungan, nusantara simbol kemajuan indonesia."
1972503417521336414,2025-09-29 03:27:16+00:00,1683219709,"IKN hadir sebagai kota hijau, modern, dan berkelanjutan
Dengan transportasi umum, ruang jalan prioritas, serta fasilitas ramah lingkungan, Nusantara siap menjadi simbol kemajuan Indonesia. 
#DukungIKN #IKNUntukIndonesia #NusantaraMaju #IKNBerkelanjutan https://t.co/DFWlDmaE4Q","ikn hadir kota hijau, modern, berkelanjutan transportasi umum, ruang jalan prioritas, fasilitas ramah lingkungan, nusantara simbol kemajuan indonesia."
1972497393942987148,2025-09-29 03:03:20+00:00,1361527484890554372,@4244e9a4b4ec424 nyatanya investasi makin besar banyak perusahaan besar yang mulai menaruh kakinya di IKN,investasi perusahaan menaruh kakinya ikn
1972496991214285190,2025-09-29 03:01:44+00:00,1361527484890554372,@5l4m3ts faktanya IKN sampai sekarang masih jalan dan sudah dipakai beberapa instansi termasuk Otorita Ikn,faktanya ikn jalan dipakai instansi otorita ikn
1972496046476673182,2025-09-29 02:57:59+00:00,1361527484890554372,"IKN Nusantara, kota masa depan Indonesia! Mari kita dukung keberlanjutan pembangunan IKN untuk menciptakan kota yang lebih baik dan berkelanjutan. 

#IKNNusantara #KotaMasaDepan #PembangunanIKN https://t.co/3WhGzfNyft","ikn nusantara, kota indonesia! mari dukung keberlanjutan pembangunan ikn menciptakan kota berkelanjutan."
1972491920011337856,2025-09-29 02:41:35+00:00,1541820741699923968,"Pemerintah Berencana Pindahkan ASN ke IKN, Relawan Prabowo Gibran: 'Tapi Tidak Semua yang Bersemangat untuk Kalimantan Timur'
https://t.co/KmYpsFZ2Xe","pemerintah berencana pindahkan asn ikn, relawan prabowo gibran bersemangat kalimantan timur"
1972490088723743183,2025-09-29 02:34:18+00:00,1858658013567152128,"Dengan Proyek Di Bali,Riau,Sumsel,Sumut.,IKN,Menado sulut.dana itu dikucurkan puluhan sampai ratusan triliun.pembelian Vaksin Covid 19 dari China 5 kali jumlah Drum Kotak Biru,astranega,pvipizer,modenna.dll.termasuk APK.untuk Rumahsakit.,proyek Menkoinfo,Mensos,Mendag.dll.","proyek bali,riau,sumsel,sumut.,ikn,menado sulut.dana dikucurkan puluhan ratusan triliun.pembelian vaksin covid 19 china 5 kali drum kotak biru,astranega,pvipizer,modenna.dll.termasuk apk.untuk rumahsakit.,proyek menkoinfo,mensos,mendag.dll."
1972490081698197898,2025-09-29 02:34:17+00:00,1858658013567152128,"SAHAMBfreeport,ke 2.IKN(RP.450T.anggarannya direalisasikan akhir 2023 Rp.76.T,lah sisanya kemana?,segera tugaskan Kejagung dan BPK untuk audit Biaya lProyek IKN itu,ada kasus besar ini panggil mantan ketua otorita IKN,mantanMen.PU.untuk segera diperiksa),laluanggaran Polri,beli","sahambfreeport,ke 2.ikn rp.450t.anggarannya direalisasikan 2023 rp.76.t,lah sisanya kemana?,segera tugaskan kejagung bpk audit biaya lproyek ikn itu,ada panggil mantan ketua otorita ikn,mantanmen.pu.untuk diperiksa ,laluanggaran polri,beli"
1972489578394398779,2025-09-29 02:32:17+00:00,1186331030556307456,"@ketoprakdadar Btw, aku juga nggak setuju jalan tol dan MBG. Sampai sekarang. Jalan tol karena berbayar😁
Kenapa kita nggak bs menikmati sesuatu tanpa bayar. Kalah sama penjajah Belanda. Buat jalan gratis. 
MBG ini jg blm cocok utk kita. Sama kyk jalan tol apalagi IKN, msh ada yg lbh penting","btw, nggak setuju jalan tol mbg. sekarang. jalan tol berbayar nggak bs menikmati bayar. kalah penjajah belanda. jalan gratis. mbg jg blm cocok utk kita. kyk jalan tol ikn, msh yg lbh"
1972488837613133995,2025-09-29 02:29:20+00:00,1003546165105704962,"@KangManto123 Betul ✍️

Kalau bukan beliau maka IKN dan banyak project ambisius lainnya di Republik ini agak susah diwujudkan. 

Hari dihujat, besok dipuja-puji 📸","beliau ikn project ambisius republik susah diwujudkan. dihujat, besok dipuja puji"
1972487113557135503,2025-09-29 02:22:29+00:00,1439443468753915904,@rosli_ramlah @sirsazly Aamiin. Tgh kimo di ikn.,aamiin. tgh kimo ikn.
1972485874870042726,2025-09-29 02:17:34+00:00,1920756199345319941,"Bandar Udara Internasional Nusantara yang berlokasi di Ibu Kota Negara (IKN). Bandara ini dibangun oleh PT Hutama Karya (Persero) dan menjadi ikon kemajuan infrastruktur Indonesia.

#BUMNUntukIndonesia #BUMNCorner #BandaraNusantara #IKN #HutamaKarya #SetahunBerdampak https://t.co/0kk6q5fPv4",bandar udara internasional nusantara berlokasi kota negara ikn . bandara dibangun pt hutama karya persero ikon kemajuan infrastruktur indonesia.
1972484975976215031,2025-09-29 02:13:59+00:00,1886251016083136512,"IKN hadir sebagai kota hijau, modern, dan berkelanjutan 🌱✨

#DukungIKN #IKNUntukIndonesia #NusantaraMaju #IKNBerkelanjutan #KotaMasaDepan #IndonesiaEmas #SmartCityIKN https://t.co/dRUEATnDPb","ikn hadir kota hijau, modern, berkelanjutan"
1972483620221919450,2025-09-29 02:08:36+00:00,2999074400,"Indonesia diwakili antara lain Dr. Emil E. Dardak (Wakil Gubernur Jawa Timur), Dr. Tri Rismaharini (Menteri Sosial RI 2020-2024), dan Dr. Bambang Susantono (Kepala Otorita IKN 2015-2018), serta perwakilan beberapa pemerintah daerah RI.","indonesia diwakili dr. emil e. dardak wakil gubernur jawa timur , dr. tri rismaharini menteri sosial ri 2020 2024 , dr. bambang susantono kepala otorita ikn 2015 2018 , perwakilan pemerintah daerah ri."
1972481964579127697,2025-09-29 02:02:01+00:00,53082265,IKN Sukses ?? apaan sukses jadi tempat lonte mangkal? https://t.co/5QB4m1hSla,ikn sukses ?? sukses lonte mangkal?
1972479938059190283,2025-09-29 01:53:58+00:00,1207349053970739202,"Bharinto alami kecelakaan fatal, Insani longsor, Singlurus bermasalah pascatambang &amp; permukiman.

Baca lebih lanjut melalui link ini :

https://t.co/OpTNBHpQ7f https://t.co/FH0PDlM54J","bharinto alami kecelakaan fatal, insani longsor, singlurus bermasalah pascatambang amp permukiman. baca link"
1972479821818339476,2025-09-29 01:53:31+00:00,1207349053970739202,"DPR minta ESDM evaluasi tiga tambang di sekitar IKN, terkait reklamasi, izin, dan kecelakaan. https://t.co/Mw6PhurDLU","dpr esdm evaluasi tambang ikn, terkait reklamasi, izin, kecelakaan."
1972479231935549795,2025-09-29 01:51:10+00:00,1769568076499222528,"Bandar Udara Internasional Nusantara yang berlokasi di Ibu Kota Negara (IKN). Bandara ini dibangun oleh PT Hutama Karya (Persero) dan menjadi ikon kemajuan infrastruktur Indonesia.

#BUMNUntukIndonesia #BUMNCorner #BandaraNusantara #IKN #HutamaKarya #SetahunBerdampak https://t.co/MCVXIYByBf",bandar udara internasional nusantara berlokasi kota negara ikn . bandara dibangun pt hutama karya persero ikon kemajuan infrastruktur indonesia.
1972479184661561593,2025-09-29 01:50:59+00:00,1884976589039190016,"IKN Nusantara
Rumah baru untuk Indonesia
Harapan baru bagi generasi
Peradaban baru menuju Indonesia Maju 🇮🇩
#IKNNusantara #IndonesiaMaju https://t.co/k17j0k0Dgu",ikn nusantara rumah indonesia harapan generasi peradaban indonesia maju
1972479074326155272,2025-09-29 01:50:32+00:00,1439443468753915904,@TokJoeMY Morning AbgJoe. Kimo Kali kedua ni d ikn. Dah mula tak larat.,morning abgjoe. kimo kali ni d ikn. dah larat.
1972477599113953448,2025-09-29 01:44:41+00:00,1496123268059009028,"Penampakan Terkini Megaproyek IKN, Ibu Kota Politik 2028 https://t.co/YABwD5Wvl0","penampakan terkini megaproyek ikn, kota politik 2028"
1972474812447776863,2025-09-29 01:33:36+00:00,1836761395574325248,"IKN Nusantara, kota masa depan Indonesia! Mari kita dukung keberlanjutan pembangunan IKN untuk menciptakan kota yang lebih baik dan berkelanjutan. 

#IKNNusantara #KotaMasaDepan #PembangunanIKN #IndonesiaMaju #IKNPusatKemajuan https://t.co/KvqZnQn2k0","ikn nusantara, kota indonesia! mari dukung keberlanjutan pembangunan ikn menciptakan kota berkelanjutan."
1972474783528038746,2025-09-29 01:33:29+00:00,1836761395574325248,"IKN Nusantara, kota masa depan Indonesia! Mari kita dukung keberlanjutan pembangunan IKN untuk menciptakan kota yang lebih baik dan berkelanjutan. 

#IKNNusantara #KotaMasaDepan #PembangunanIKN #IndonesiaMaju #IKNPusatKemajuan https://t.co/QEwRK7Djwk","ikn nusantara, kota indonesia! mari dukung keberlanjutan pembangunan ikn menciptakan kota berkelanjutan."
1970391025912050070,2025-09-23 07:33:23+00:00,746852491,"@bangherwin Jokowi kelupaan terlalu sibuk urus IKN, makanya merengek minta 3 periode juga, ternyata baru inget setelah 2 periode belum pidato di  sidang umum PBB🤭","jokowi kelupaan sibuk urus ikn, merengek 3 periode juga, inget 2 periode pidato sidang pbb"
1970389679800492413,2025-09-23 07:28:02+00:00,1430791989008633857,"Di episode BUMN Corner kali ini, kita akan mengajak Sobat BUMN menjelajahi salah satu proyek kebanggaan negeri: Bandar Udara Internasional Nusantara yang berlokasi di Ibu Kota Negara (IKN). 
#BUMNUntukIndonesia #BUMNCorner #BandaraNusantara #IKN #HutamaKarya #SetahunBerdampak https://t.co/0VQIl4in3H","episode bumn corner kali ini, mengajak sobat bumn menjelajahi salah proyek kebanggaan negeri bandar udara internasional nusantara berlokasi kota negara ikn ."
1970388558335877426,2025-09-23 07:23:35+00:00,1245561771009519617,"Bandar Udara Internasional Nusantara yang berlokasi di Ibu Kota Negara (IKN). Bandara ini dibangun oleh PT Hutama Karya (Persero) dan menjadi ikon kemajuan infrastruktur Indonesia.

#BUMNUntukIndonesia #BUMNCorner #BandaraNusantara #IKN #HutamaKarya #SetahunBerdampak https://t.co/KT7HXO4z0O",bandar udara internasional nusantara berlokasi kota negara ikn . bandara dibangun pt hutama karya persero ikon kemajuan infrastruktur indonesia.
1970387130422849693,2025-09-23 07:17:54+00:00,1303805490627923968,keinget ikn https://t.co/eA83Frl6NP,keinget ikn
1970386461506838925,2025-09-23 07:15:15+00:00,3992530572,"@CNNIndonesia Gua yakin ga bakal ada pejabat dan PNS yg mau pindah di IKN walaupun fasiltas mewah, tapi untuk hiburan luar  seperti di Jakarta belum ada di IKN. Cari gorengan, bakso, somay ga ada, mau dugem, karokean lom ada, malah yg sudah ada esek-esek PSK. 😁😁","gua ga pejabat pns yg pindah ikn fasiltas mewah, hiburan jakarta ikn. cari gorengan, bakso, somay ga ada, dugem, karokean lom ada, yg esek esek psk."
1970385768729432398,2025-09-23 07:12:29+00:00,1747803184779988992,"Mungkin maksudnya segala kegiatan politik termasuk Kepresidenan, Parlemen, dll akan dilakukan dari IKN mulai 2028 https://t.co/izzikM3uGc","maksudnya kegiatan politik kepresidenan, parlemen, dll ikn 2028"
1970385009686323562,2025-09-23 07:09:28+00:00,1758129907534852096,Presiden Prabowo Subianto tetapkan Ibu Kota Nusantara (IKN) sebagai Ibu Kota Politik Indonesia mulai tahun 2028. https://t.co/Lz3xpWkkeK,presiden prabowo subianto tetapkan kota nusantara ikn kota politik indonesia 2028.
1970383492786843997,2025-09-23 07:03:27+00:00,1960544575522791426,"Di episode BUMN Corner kali ini, kita akan mengajak Sobat BUMN menjelajahi salah satu proyek kebanggaan negeri: Bandar Udara Internasional Nusantara yang berlokasi di Ibu Kota Negara (IKN).
#BUMNUntukIndonesia #BUMNCorner #BandaraNusantara #IKN #HutamaKarya #SetahunBerdampak https://t.co/sd0hGXcizu","episode bumn corner kali ini, mengajak sobat bumn menjelajahi salah proyek kebanggaan negeri bandar udara internasional nusantara berlokasi kota negara ikn ."
1970382227008782424,2025-09-23 06:58:25+00:00,1308817261684092929,"@DedynurPalakka @singolodra1945 @asep_berlian837 Kamu tuh penipu aja disebut nabi. Fakta2 klaim dia sjak periode prtama, sebut A pasti endingnya B. Cth anak tdk masuk politik, faktanya diendors masuk politik, investor ratusan di IKN, faktanya 0. Woosh dan IKN tdk pake APBN, faktanya pake APBN. Ini manusia atau iblis?","tuh penipu aja nabi. fakta2 klaim sjak periode prtama, a endingnya b. cth anak tdk masuk politik, faktanya diendors masuk politik, investor ratusan ikn, faktanya 0. woosh ikn tdk pake apbn, faktanya pake apbn. manusia iblis?"
1970381343575167007,2025-09-23 06:54:54+00:00,1752893166704074752,Presiden Prabowo Subianto tetapkan IKN menjadi Ibu Kota Politik di tahun 2028. https://t.co/ELRoKCHikT,presiden prabowo subianto tetapkan ikn kota politik 2028.
1970381123823042628,2025-09-23 06:54:02+00:00,1661041817138368512,"@CNNIndonesia Dasarnya apa dong ikn di undang undangkan?
Dasarnya apa dong ibukota harus sekali lagi jadi wajib pindah ke ikn ?
@puanmaharani_ri",dasarnya ikn undang undangkan? dasarnya ibukota wajib pindah ikn ?
1970381037739090165,2025-09-23 06:53:41+00:00,1611580811748478976,"Finalis OCCRP gitu kok bisa jd penasehat blomberg? 😆🤣
Selama mimpin ekonomi RI stagnan 5 persenan 😂
Alhasil hutang menggunung.
Ikn mangkrak✅
Kereta cepat merugi✅
Hukum dikebiri✅
Demokrasi rusak ✅
1 prestasinya; ijazah palsu mampu membutakan org 😂 https://t.co/8M5jV2qCGm",finalis occrp gitu jd penasehat blomberg? mimpin ekonomi ri stagnan 5 persenan alhasil hutang menggunung. ikn mangkrak kereta cepat merugi hukum dikebiri demokrasi rusak 1 prestasinya ijazah palsu membutakan org
1970380631231340960,2025-09-23 06:52:05+00:00,89743680,@HalomoanHa91790 @CNNIndonesia dulu dpr kok setuju bikin IKN? masak dpr dikalahin seorang petugas partai 🤣🤣🤣,dpr setuju bikin ikn? masak dpr dikalahin petugas partai
1970380367053128053,2025-09-23 06:51:02+00:00,1582972008479920129,"Penjelasan Istana IKN Ibu Kota Politik, Ingatkan DPR Ikut Pindah

https://t.co/fdbDqHjefO","penjelasan istana ikn kota politik, ingatkan dpr pindah"
1970380330927562792,2025-09-23 06:50:53+00:00,1751074612178493440,Presiden Prabowo Subianto tetapkan Ibu Kota Nusantara (IKN) sebagai Ibu Kota Politik Indonesia mulai tahun 2028. https://t.co/zziulQzE58,presiden prabowo subianto tetapkan kota nusantara ikn kota politik indonesia 2028.
1970321218877476880,2025-09-23 02:56:00+00:00,1263401137522139136,"@NarasiNewsroom Enak yh ngatur2 manifestasi tahun sekian ini, tahun sekian nanti begitu. Saya yakin ini framing biar tuntutan publik ""melonggar."" Kalau 2028 IKN jadi kota hantu, 2029 nanti kampanyenya ""kita hidupkan IKN sebagai ibukota maju 2034."" Mirip sama indonesia cemas 2045 yg gak jelas","enak yh ngatur2 manifestasi sekian ini, sekian begitu. framing biar tuntutan publik melonggar. 2028 ikn kota hantu, 2029 kampanyenya hidupkan ikn ibukota maju 2034. indonesia cemas 2045 yg gak"
1970320799598026826,2025-09-23 02:54:20+00:00,1444903264625987585,"Otorita IKN dan KTNA kini resmi bermitra strategis, membawa visi besar untuk masa depan. Dr. Myrna Asnawati Safitri, S.H., https://t.co/fOo5jsilhN., Deputi Lingkungan Hidup dan Sumber Daya Alam OIKN, menegaskan bahwa IKN ditawarkan menjadi ""tempat kita belajar bersama. https://t.co/leTuPJc20y","otorita ikn ktna resmi bermitra strategis, membawa visi depan. dr. myrna asnawati safitri, s.h., deputi lingkungan hidup sumber daya alam oikn, ikn ditawarkan belajar bersama."
1970320502708383825,2025-09-23 02:53:09+00:00,967247533553561601,Kelihatan ketua DPR ogah berkantor di IKN...😁 https://t.co/bxHkFIp1nn,ketua dpr ogah berkantor ikn...
1970319797301952832,2025-09-23 02:50:21+00:00,136181921,"@Hendrof88 @abu_waras kalau konkalikong terjadi, maka lembaga pengawas yg harus diperkuat. Saya pribadi lebih setuju MBG daripada IKN atau PSN yang manfaanya tidak langsung mengena ke rakyat. Ini pendapat pribadi saya.","konkalikong terjadi, lembaga pengawas yg diperkuat. pribadi setuju mbg ikn psn manfaanya langsung mengena rakyat. pendapat pribadi saya."
1970318704417337696,2025-09-23 02:46:00+00:00,23343960,"Presiden Prabowo Subianto menetapkan Ibu Kota Nusantara (IKN) di Penajam Paser Utara, Kalimantan Timur, sebagai ibu kota politik Indonesia pada tahun 2028.

Baca selengkapnya 👇
https://t.co/cqy7qa4lKy

~LL #IKN #IbuKotaPolitik https://t.co/jtivxpSYiS","presiden prabowo subianto menetapkan kota nusantara ikn penajam paser utara, kalimantan timur, kota politik indonesia 2028. baca selengkapnya ll"
1970318664634409324,2025-09-23 02:45:51+00:00,1604812731411943424,"@CNNIndonesia Kan sudah dari lama di media ini kita sampaikan Bahwa Pastikan UU IKN itu di Revisi saja &amp; Pastikan demi Sejarah Besar berdirinya NKRI, IBU KOTA NEGARA RI tetap di JAKARTA dan IKN di tetapkan menjadi IBU KOTA PEMERINTAHAN NKRI.!🇮🇩👍","media pastikan uu ikn revisi amp pastikan sejarah berdirinya nkri, kota negara ri jakarta ikn tetapkan kota pemerintahan nkri.!"
1970317503671996758,2025-09-23 02:41:14+00:00,537228618,"@__AnakKolong @KemensetnegRI @setkabgoid MBG ada dlm program saat msh jd calon presiden. IKN gak ada di program capres, tiba2 muncul dan distempel DPR.

MBG meracuni (sebagian) anak sekolah. IKN mengambil porsi anggaran masyarakat.","mbg dlm program msh jd calon presiden. ikn gak program capres, tiba2 muncul distempel dpr. mbg meracuni anak sekolah. ikn mengambil porsi anggaran masyarakat."
1970317217763074397,2025-09-23 02:40:06+00:00,1059701864,"pagi pagi asik bgt julid prabowo sama chatgpt soal ikn 🥰🥰

https://t.co/90Ix0708yt",pagi pagi asik bgt julid prabowo chatgpt ikn
1970317091762065558,2025-09-23 02:39:36+00:00,1575821812231196672,"@dewa_dasa15840 @IndoPopBase Kebijakan palsu =  IKN.

Apakah ada pernyataan rakyat atau voting bahwa ikn itu keinginan/kebutuhan rakyat?

Karena penyandang dana ikn = uang pajak rakyat.

coba kita bahas..",kebijakan palsu ikn. pernyataan rakyat voting ikn kebutuhan rakyat? penyandang dana ikn uang pajak rakyat. coba bahas..
1970314325027180623,2025-09-23 02:28:36+00:00,1174614068,"Ulama aja diminta menjauhi pintu penguasa. Lebih memilih dihinakan, daripada harus memuji. Memuji kedzaliman yg merusak lingkungan krn efek IKN dan Hilirisasi (?), memuji mereka yg membiarkan generasi muda keracunan(?). Itu bukan memuji, lebih ke menjilat. https://t.co/lpftbBzCmb","ulama aja menjauhi pintu penguasa. memilih dihinakan, memuji. memuji kedzaliman yg merusak lingkungan krn efek ikn hilirisasi ? , memuji yg membiarkan generasi muda keracunan ? . memuji, menjilat."
